"","Individual","Centrality"
"1","CAL",0.745893366891167
"2","CAS",0.623930995270136
"3","CHA",0.994505303214411
"4","COC",0.800595284704668
"5","COR",0.989045362361109
"6","GWN",0.928701630213092
"7","CLA",0.732380599055914
"8","CRO",0.390231063048892
"9","CHP",1
"10","CHL",0.934759440652427
"11","COL",0.790780309397853
"12","GWW",0.97510939359197
"13","CEL",0.664411593182107
"14","CUZ",0.911547068765809
