"","Individual","Centrality"
"1","DSY",0.988388129597941
"2","DAR",0.91993231009272
"3","DLL",0.761068458553836
"4","DIY",0.636819553167446
"5","OLV",0.776610166458568
"6","DIG",0.153450094830424
"7","DOC",0.939750743136194
"8","DRE",0.888485255313306
"9","DAN",0.989163313029566
"10","DLF",0.968795825888971
"11","DIT",0.747260298976942
"12","OLI",0.04639985607435
"13","DAX",0.774809679614684
"14","DAO",0.913674041853798
"15","DAS",1
"16","DUK",0.974065598959728
