,Individual,Centrality
1,CAL,0.745893367
2,CAS,0.623930995
3,CHA,0.994505303
4,COC,0.800595285
5,COR,0.989045362
6,GWN,0.92870163
7,CLA,0.732380599
8,CRO,0.390231063
9,CHP,1
10,CHL,0.934759441
11,COL,0.790780309
12,GWW,0.975109394
13,CEL,0.664411593
14,CUZ,0.911547069
