,Individual,Centrality
1,DSY,0.98838813
2,DAR,0.91993231
3,DLL,0.761068459
4,DIY,0.636819553
5,OLV,0.776610166
6,DIG,0.153450095
7,DOC,0.939750743
8,DRE,0.888485255
9,DAN,0.989163313
10,DLF,0.968795826
11,DIT,0.747260299
12,OLI,0.046399856
13,DAX,0.77480968
14,DAO,0.913674042
15,DAS,1
16,DUK,0.974065599
