"Trait","Repeatability","CI_lower","CI_upper","P_value"
"Individual",0.510828779717581,0.200807484640461,0.738846647401317,0.000115587485665047
