"Trait","Repeatability","CI_lower","CI_upper","P_value"
"Individual",0.946597979874979,0.838964604386108,0.982496032542155,6.87440803850259e-08
