"Trait","Repeatability","CI_lower","CI_upper","P_value"
"Individual",0.418375667305473,0.0767989228559653,0.669851475171833,0.00171802780505765
