"Trait","Repeatability","CI_lower","CI_upper","P_value"
"Individual",0.710313946668197,0.370774627386926,0.877504714910247,4.15329093325097e-06
