"Trait","Repeatability","CI_lower","CI_upper","P_value"
"Individual",0.455404459459288,0.211446347159298,0.637755803557487,2.45827889908985e-06
